Set,MAE,RMSE,R,MSE,R2
Test,0.42468,0.57517,0.84083,0.33082,0.70173
Caco2,1.13623,1.26117,0.20959,1.59055,-4.20279
MDCK,0.79259,0.89444,0.42431,0.80002,-0.69567
RRCK,0.5446,0.67831,-0.07185,0.4601,-0.92194
