Set,MAE,RMSE,R,MSE,R2
Test,0.48824,0.64767,0.79777,0.41948,0.62179
Caco2,1.08962,1.21493,0.15285,1.47605,-3.82827
MDCK,0.76354,0.88587,0.1542,0.78476,-0.66332
RRCK,0.66048,0.83443,-0.21201,0.69628,-1.90852
