Set,MAE,RMSE,R,MSE,R2
Test,0.45411,0.60767,0.82984,0.36926,0.66707
Caco2,1.12122,1.25791,0.18152,1.58234,-4.17593
MDCK,0.79287,0.86453,0.24775,0.7474,-0.58415
RRCK,0.56777,0.72275,-0.05717,0.52237,-1.18207
