ID,pred,exp
1,-7.078840208053589,-4.0
2,-7.451371391614278,-4.0
