ID,pred,exp
1,-7.186737728118897,-4.0
2,-7.021885101000468,-4.0
