ID,pred,exp
1,-6.100036700566609,-4.0
2,-6.599478999773662,-4.0
